{"boomers":{"densities":[1.32826418417693e-06,1.36460774145247e-06,1.46465133665103e-06,1.69172174418706e-06,2.06065318303823e-06,2.68396623680714e-06,3.68777428526213e-06,4.93774043714954e-06,6.4905349503561e-06,8.26723719326959e-06,1.02216375015443e-05,1.21685675086555e-05,1.40707031416048e-05,1.58405083855007e-05,1.73439259920796e-05,1.85854978416912e-05,1.95187548023705e-05,2.01726762705701e-05,2.0561518641528e-05,2.06950157925772e-05,2.05687292569949e-05,2.01483653293297e-05,1.95207973883668e-05,1.87398208786869e-05,1.78605462636721e-05,1.69497889569407e-05,1.59272419431866e-05,1.50175069352429e-05,1.41289880758273e-05,1.32844585019861e-05,1.24467544000647e-05,1.16145149136185e-05,1.07825420589126e-05,9.88988381278285e-06,8.98136642000768e-06,8.15263736305179e-06,7.27525629895802e-06,6.52209940007751e-06,5.83418672905252e-06,5.17220985598593e-06,4.56329545335656e-06,3.99627638119719e-06,3.52503912441677e-06,3.0818278141973e-06,2.67962065939628e-06,2.32160221109925e-06,1.98917014664634e-06,1.71764521117326e-06,1.49732843065064e-06,1.31598269966951e-06,1.14460755458418e-06,1.00125550582274e-06,8.91162069882728e-07,7.89405626755448e-07,6.9671303939027e-07,6.16850024734094e-07,5.4791926474507e-07,4.80142957525339e-07,4.24251837494446e-07,3.72469648420809e-07,3.22589179143499e-07,2.91567689848254e-07,2.75285875707184e-07,2.55873940441545e-07,2.31991327584298e-07,2.11896164970148e-07,1.96377067469535e-07,1.83810939567524e-07,1.67634293422794e-07,1.50746654289716e-07,1.36242252711052e-07],"incomes":[12662.3190184049,17117.7914110429,19359.6625766871,21214.4447852761,22989.6380368098,24376.5337423313,25641.717791411,26818.1595092025,28066.1042944785,29017.6196319018,30024.75,31082.282208589,32026.5,33090.0920245399,33949.1319018405,34969.3251533742,35877.036809816,36870.8512269939,37832.3619631902,38787.75,39708.5889570552,40566.717791411,41645.4478527607,42536.4294478528,43417.1779141104,44539.263803681,45430.6748466258,46616.9202453988,47509.2024539877,48907.9754601227,49805.7055214724,51162.6993865031,52288,53884.9693251534,55072.0736196319,56584.0490797546,58068.4279141104,59355.8282208589,61278.2944785276,62871.1656441718,64462.8067484663,66737.5,68898.75,71360.5444785276,74373.75,77913.9355828221,82453.9877300614,89042.4294478527,102036.809815951],"mean_income":47050.6020031109},"millennials":{"densities":[8.90467814796236e-07,1.01632463131828e-06,1.40189572446695e-06,2.08734073257424e-06,3.06172586165377e-06,4.31987574033609e-06,5.88326728563065e-06,7.7713974109797e-06,9.79059494239316e-06,1.20411010498896e-05,1.42511659868555e-05,1.63003126278361e-05,1.81796332939621e-05,1.96921758101467e-05,2.07253260059607e-05,2.14051379664224e-05,2.16054891533202e-05,2.14196887702166e-05,2.08637673669641e-05,2.00139961521442e-05,1.89419090460791e-05,1.77567933827993e-05,1.65569096018692e-05,1.54573994179081e-05,1.43623367301063e-05,1.33985768566981e-05,1.25469009917712e-05,1.16805621309398e-05,1.09404182132246e-05,1.01474626634916e-05,9.27563048590114e-06,8.46123747622364e-06,7.61320142507325e-06,6.89486159206297e-06,6.33827369543184e-06,5.82445561672549e-06,5.42498478375097e-06,5.04410954912428e-06,4.67423833678888e-06,4.35753071453113e-06,4.00483432182769e-06,3.66840639098845e-06,3.32413211523218e-06,2.97526805639867e-06,2.65855294499949e-06,2.37562293407436e-06,2.13129120213851e-06,1.91303119749876e-06,1.71367172279949e-06,1.56408169146527e-06,1.44935826641018e-06,1.33665871108462e-06,1.23366571136816e-06,1.15156461364811e-06,1.06895152786327e-06,9.89360558904293e-07,9.24685236431976e-07,8.54628989892608e-07,7.8026675247115e-07,7.15661803187392e-07,6.74498157461707e-07,6.61589375772078e-07,6.5502515284228e-07,6.52584738446033e-07,6.47629922602965e-07,6.39318685812262e-07,6.0826674209907e-07,5.64309806352105e-07,5.13583271683977e-07,4.63101078197953e-07,4.12265549279727e-07],"incomes":[11871.1656441718,14797.5460122699,16975.7668711656,18748.4662576687,20259.2024539877,21564.4171779141,22442.9447852761,23754.6012269939,25000,25780.3128834356,26723.9263803681,27415.6441717791,28412.5766871166,29549.0797546012,30388.8036809816,31177.9141104294,32052.1472392638,32898.773006135,33556.7484662577,34573.6196319018,35631.9018404908,36736.963190184,37737.7300613497,38381.9018404908,39478.527607362,40555.0797546012,41671.7791411043,42854.9079754601,43865.0306748466,45000,46482.9524539877,47826.5521472393,49390.490797546,50967.6165644172,52730.0613496932,54298.6993865031,55680.4141104294,57572.8527607362,59588.7883435583,61783.0582822086,64694.3297546012,67896.0736196319,71226.9938650307,75217.1779141104,79584.2944785276,85200,93305,107469.325153374,134258.134969325],"mean_income":47989.8254608055}}
