{"boomers":{"densities":[6.519592739182354e-7,8.940846971748955e-7,0.000001182461221518969,0.000001558474166350117,0.0000020489734919800983,0.000002772416171461455,0.000003742340807782728,0.0000049746012009148726,0.000006522240948979278,0.00000830501625336575,0.000010267641798337645,0.000012223655757028634,0.000014134419431605716,0.000015912047516211905,0.00001742211219129156,0.000018669304219751536,0.00001960722139954985,0.000020264288698481985,0.00002065491090477117,0.00002078868578596788,0.000020662254476582947,0.00002024031887444896,0.000019609253168579408,0.00001882434958980127,0.000017940635233749805,0.000017026685189501938,0.000015999088598339372,0.000015084957015391232,0.000014192413929947671,0.00001334402118655489,0.000012503210906939129,0.000011667379951312048,0.000010831162009652816,0.000009934337680871455,0.000009021884894746842,0.000008189634913768403,0.000007308728325165248,0.0000065517025437955375,0.000005860359594054285,0.000005195385601349258,0.000004583623660532038,0.0000040134210859614516,0.0000035393556722073288,0.000003094605598384644,0.0000026909915454178217,0.0000023316736366137594,0.000001997415370262318,0.0000017262240593518647,0.0000015045757565825913,0.000001322536995494844,0.000001149268049848596,0.000001006384507591735,8.957791988924102e-7,7.916734391195494e-7,6.996060363417355e-7,6.202819812757089e-7,5.50235474457664e-7,4.843925203105575e-7,4.264614842296232e-7,3.768966661724479e-7,3.265513064379498e-7,2.94784705599611e-7,2.7711773392576087e-7,2.5432997329293775e-7,2.3285573372347727e-7,2.0851859782090093e-7,1.913067555654243e-7,1.8150923931191685e-7,1.651268327762563e-7,1.4861503152181948e-7,1.374682036357049e-7],"incomes":[12662.319,17117.7914,19359.6626,21214.4448,22989.638,24376.5337,25641.7178,26818.1595,28066.1043,29017.6196,30024.75,31082.2822,32026.5,33090.092,33949.1319,34969.3252,35877.0368,36870.8512,37832.362,38787.75,39708.589,40566.7178,41645.4479,42536.4294,43417.1779,44539.2638,45430.6748,46616.9202,47509.2025,48907.9755,49805.7055,51162.6994,52288,53884.9693,55072.0736,56584.0491,58068.4279,59355.8282,61278.2945,62871.1656,64462.8067,66737.5,68898.75,71360.5445,74373.75,77913.9356,82453.9877,89042.4294,102036.8098],"mean_income":47050.602},"millennials":{"densities":[3.1599127380724773e-7,6.262703008588025e-7,0.0000011587446742945835,0.0000019431449396590536,0.00000299994716552597,0.00000432501209310971,0.000005926348955301353,0.000007821285978956738,0.00000983894353569638,0.000012095309155895312,0.000014314419404585065,0.00001637252771821642,0.00001826099827729744,0.000019781270619910466,0.000020819024476999788,0.00002150216566146003,0.000021703247230571965,0.000021516239104116598,0.00002095821381091266,0.000020104404816084506,0.000019027849146867722,0.000017837999538032202,0.00001663260437806062,0.00001552786444978571,0.00001442805430024908,0.000013459579583107776,0.000012603708914427206,0.000011732540818949505,0.000010989296420210974,0.000010193120544336952,0.000009316779434917277,0.000008498892758445216,0.0000076487053843083,0.000006926761983152964,0.000006367311984195143,0.000005851286637606676,0.000005450100527752026,0.0000050676423548601955,0.00000469488828917162,0.000004377503000437985,0.000004022346616891966,0.0000036824823411879597,0.000003340130412035999,0.0000029900979434693725,0.0000026712110333158425,0.0000023871887082273376,0.0000021400913951312713,0.0000019212394361185603,0.0000017200999034549973,0.0000015713225778451677,0.000001457869180085803,0.0000013444506024092581,0.000001239868734337431,0.000001159024461468613,0.0000010767932332344057,9.957225939498777e-7,9.258303784782058e-7,8.548835424731922e-7,7.768901094820675e-7,7.149760913957446e-7,6.740764056868077e-7,6.648457218929983e-7,6.548187709540436e-7,6.545841800724381e-7,6.51720553920333e-7,6.436480053126758e-7,6.100319647754264e-7,5.676655362213389e-7,5.164180362716514e-7,4.686034788851734e-7,4.166775702541866e-7],"incomes":[11871.1656,14797.546,16975.7669,18748.4663,20259.2025,21564.4172,22442.9448,23754.6012,25000,25780.3129,26723.9264,27415.6442,28412.5767,29549.0798,30388.8037,31177.9141,32052.1472,32898.773,33556.7485,34573.6196,35631.9018,36736.9632,37737.7301,38381.9018,39478.5276,40555.0798,41671.7791,42854.908,43865.0307,45000,46482.9525,47826.5521,49390.4908,50967.6166,52730.0613,54298.6994,55680.4141,57572.8528,59588.7883,61783.0583,64694.3298,67896.0736,71226.9939,75217.1779,79584.2945,85200,93305,107469.3252,134258.135],"mean_income":47989.8255}}